[
  {
    "pushname": "READY PANEL",
    "no": "6287765244029@s.whatsapp.net"
  },
  {
    "pushname": "d a s",
    "no": "6285216024226@s.whatsapp.net"
  },
  {
    "pushname": "Y",
    "no": "6285768966412@s.whatsapp.net"
  },
  {
    "pushname": "𝙇𝘼𝙉𝙕𝙓",
    "no": "6288298582710@s.whatsapp.net"
  },
  {
    "pushname": "Reza",
    "no": "62882007601338@s.whatsapp.net"
  },
  {
    "pushname": "JARS BOTZ SLEBEW🤪🌷🗿",
    "no": "6281224244580@s.whatsapp.net"
  },
  {
    "pushname": "Lxy",
    "no": "6283123419150@s.whatsapp.net"
  },
  {
    "pushname": "baka yarou",
    "no": "6285947377838@s.whatsapp.net"
  },
  {
    "pushname": "⸙Y",
    "no": "6287815490799@s.whatsapp.net"
  },
  {
    "pushname": "Mangsud",
    "no": "6285656971406@s.whatsapp.net"
  },
  {
    "pushname": ".",
    "no": "62895320138040@s.whatsapp.net"
  },
  {
    "pushname": "Jeaaa",
    "no": "6285274560595@s.whatsapp.net"
  },
  {
    "pushname": "Awd",
    "no": "6285931926328@s.whatsapp.net"
  }
]