{"version":53,"hash":{"type":"Buffer","data":"cyAQfoFVmjFvvQh4Y0U51I/dh2SGAcfiBH/Sg7mCHbsK9ZbaViUjhSLxChM48H3RIJSg5lx02HEzZY9e2jleOZlRjgIDkGqEFZtgzj1/rSi8j7RjuTyi9KeHBI8dt7a7Hs0DmoJKjK9i/2g5maSVYonIbKsocj88J+TdXJ7RGsY="},"indexValueMap":{"b58TJRCfpU72vu90Nn87NbA5BNUXMR3ojete3RCmAQ8=":{"valueMac":{"type":"Buffer","data":"rRuU+XK2or6TuclGofeyHsZ4O+5jFO3/RQyv5P7IFgw="}},"tfecZSzow0nZZVQdz+kTGIvV6PaVIPIyJHISLDbmWqU=":{"valueMac":{"type":"Buffer","data":"hAlrj5EAg/dpw3+QZpJNH8LN0oa1uuapNdED/BnhokI="}},"eLXHc5cOhpbqm5DSHPlKFyjkW/tyVg36OvuQsn5Lz5U=":{"valueMac":{"type":"Buffer","data":"zw86mooRfDAJYpPM5eEUUQgtG/Tksx40G4QMVmYXe3M="}},"BrHQ7bxokXU+LD+bP3rOR+5MoXBlxdhQotZKzFcjGV0=":{"valueMac":{"type":"Buffer","data":"tEQd1rIWmvNKOtgrLi31nvL4UnGzbD/xEqtgXqAYSEE="}},"20WBAAZ+uLlhuopKPVETplPrUV3Ab7+9X+4UiG/bE10=":{"valueMac":{"type":"Buffer","data":"vcWGjSPHRYlLlU8J7wVa/WJaXDJtsDpvpmi/3XnDz7c="}},"pKMjpTFK1V/R+qsiA2iKwLRb3vYfneMNnZB7wC+t/QQ=":{"valueMac":{"type":"Buffer","data":"LcqcnshH24tfghU1sx2A+4U6vaZNBogb1D6W7bUyGuY="}},"pIv+p4zFAmossyJfH86KVH5sydJXzXRZ+QSfcV9GK+s=":{"valueMac":{"type":"Buffer","data":"eHyyuXosxj2sk53NSwNJ/Dy9ai5xOuOv/XBL+LG3Y8o="}},"kVnQU3CJ0cNKeoctVr+7Vawx3W/Tj6JecgPnFzD1if0=":{"valueMac":{"type":"Buffer","data":"XsmSJUOfnXPxkcMLU0/9i9Ri2KC4WeaAs+NdOQG2V80="}},"hPK7ISC7Oj7i337oZdgTu3fBbDAsaEUFCtUUbieW/uo=":{"valueMac":{"type":"Buffer","data":"KrqMVhTsolJoOYdcov2ym9UMmmbArCPkz/ivSGvhNd4="}},"kIUFR7naDkVRtVxjX5WA5T9vVYDLH4aR2yinSZOpc6w=":{"valueMac":{"type":"Buffer","data":"QIy159pWd9xaNYSFgEL6LHxwAGI4iL3JM7lK8B9IKVg="}},"DNVvAjDsxErkAd8i6RKURGWXP1W+wbt4OY7ASg68cbE=":{"valueMac":{"type":"Buffer","data":"Wv9GzaQa8C1i9C5goxZtNh25O8OKwShAwyo0FC+7aZY="}},"5BmGKmd2XByg/RchDzbrMY1j9ajCij0yuVlDgrm7jg0=":{"valueMac":{"type":"Buffer","data":"cwY/pOIfPs/eqwjd4HnNWgxME8Sc7rTQSLGseZ/FmL8="}},"jKX0tu9OHtkqt8S62r7Og0o3BjZqs1WjnhK5RNTl5Ew=":{"valueMac":{"type":"Buffer","data":"OkZdH2ZJecVjQ87rba5YlQd9TAmY2UFI7aLLKxmt0FA="}},"48GT+S+CkuYXprr3mjEMmLzK07fowi+mjVLdMbhG+l0=":{"valueMac":{"type":"Buffer","data":"ohI11oV/KpWj00Hhjk+rQbHyYxnbp2tV8+GoKlUibXk="}},"rLZ7sbdIi28wWW3mKluPvf3zAC52NVZd06e6ismfyeA=":{"valueMac":{"type":"Buffer","data":"/1kH3jz0Osv3KK1YU4ROgSFv/UoYXVO/JAePH5yW+YY="}},"u1CsJxHiYNZWUpasjNs2eneiYyHve5x5P0JGNFGI+QI=":{"valueMac":{"type":"Buffer","data":"re86J49h7vn9SZaQ0hXmYrl3c4kiGGF3jPPruLSrVmg="}},"Wk/0bCsicz3zc3tKgkBZnQytUDUmesB8qKswHIRFxqg=":{"valueMac":{"type":"Buffer","data":"s6Z6el3q9meswK5lXDuAoLBjr5Ma995LpZ0plM9WzgU="}},"+IuczN3GEDLuZyBQN1Dm8tYYurlobk24ZnYNgmAzWHg=":{"valueMac":{"type":"Buffer","data":"5C+l567S9Pg6JCvNXb2XMokVEzHaKTJBMxJE36DdBDU="}},"nHoPxDzVdiTcOZfESXxwulOgpfx3lnD21aTl599lT7M=":{"valueMac":{"type":"Buffer","data":"IdYW4FdOaaxgokcoz6s3P6r2zTnDO852LnWh6+1CyAg="}},"/H/tftiWfkT7E3eX6qOcSFw3U90MDJJLUX97FrdtErQ=":{"valueMac":{"type":"Buffer","data":"coxsUKYkub6oelwaOKUBI3DDD8L2rb8FB6nsiCjzqVs="}},"lTKqWJXuKb/1cNCSjAbu+he64AaBkzp+lwgnkCJb7eo=":{"valueMac":{"type":"Buffer","data":"QGPor3J767D2MtM09jPI5SHZpylM2Rcpwdl1lAelRQY="}},"IdZo8uA7jqQQMY27rrDxGrOc6NSIiwfLggmZrm1wUfw=":{"valueMac":{"type":"Buffer","data":"akt6PEjKCRqD/NFL70Dnh1Ipnz7wk6w9bLkmPa9ZhBs="}},"L4vbayMtWxTaMbg0QCZ7w+pbNLR67Ku1/DWJ97QpwW4=":{"valueMac":{"type":"Buffer","data":"U54hY584gUCX0jDMCkzNWpjS5VapkIcSPxlEYbv2ICQ="}},"kv5Xd9NoJu2aygpiCiDuaMo42wuW+Lx2F+S0fnb03i8=":{"valueMac":{"type":"Buffer","data":"um49HMI3FuWHatxIhoLQCQH7UQFSPhvwr2TaGgXfU9w="}},"gySgkmZPX9NbdOIZSXlMSzHqbI8MhH9bUXa3Kd0IG6U=":{"valueMac":{"type":"Buffer","data":"MBmf+AJpCwbbGTY9vg13WlCpXLDLFbZN6HsxI4L5jHo="}},"zig8Tz89kNtoFDteqtTDwcgiVaF3KJZbfem2oWd6UT4=":{"valueMac":{"type":"Buffer","data":"RRx8xJjQlsnFzckiMzCuRw9L+a6fncRHEHK6jIcAor8="}},"sYAZ1Osu+Pgj3vDdgq8WhG+h2SIRRzEWhnWP4flxPMc=":{"valueMac":{"type":"Buffer","data":"8fov9D5ix/ibGK/Nkg89HR2JHBlykXQzz77QtG8zuiI="}},"Pkr3hcvYxTi8+2UXI3LEiAkYqbzREtBCTMWhBzW59wY=":{"valueMac":{"type":"Buffer","data":"J7yBDFHx8K2iSP7k4QI7v6dVaF/6pZyfVkIFCstA7fg="}},"l1wSoaq4VUqj7WOBbVGxzD4v0FtN6HPy0e+AbUpchDU=":{"valueMac":{"type":"Buffer","data":"DHKfQ/gdiamam0J9SrhQtcKqrncgdlnOhNhLG1Xi20w="}}}}