{"version":20,"hash":{"type":"Buffer","data":"2LXwN2siTu5xT1ua0GMP/uGivHABTdKfPi8CNoacpFkRHbS7Brze4KqbLXtHnfzohRzg8v/oRrGky4L1UxcLTe5+tCwl8LlDC4qLh1Y1U13M5UZCPnzDxXw3IQsbHw8qCBvdYuIseISQJtA1wzv0tkDlJwkt5FkTP0+HEY6YlWE="},"indexValueMap":{"AHZwWBTvoDzhKKUrNILM52XEsD5qVo0H5g8d2YsIoGg=":{"valueMac":{"type":"Buffer","data":"UCVZlr7xPrF+UFLgYkolCUo7ZeFk4PXGazRSf5/qs2Y="}},"AMUrKBiFrOjgFkyPXBW8EfxJ5ywdVTJnb9Rz8XPDnuk=":{"valueMac":{"type":"Buffer","data":"Ku+gEiTxRgcpRyNCGm46Bk/e92U8G65cXQ5hdOtuLpA="}},"Ay7Togrd9EuZS68GJvB4BiVHn4j4Iqz3zFTdjdn21SQ=":{"valueMac":{"type":"Buffer","data":"Bt52SrEw0AmPzcUhdVu+iurChND/LL+RnG+UTvndgek="}},"BNiSbOFtfoxL7QU7eamiVB3n0FtyliT/P32yhmJNxFs=":{"valueMac":{"type":"Buffer","data":"Fu8/FIW6hv2HJcok7t5oPPCbX8TCq5NETM8HLwf8PQI="}},"BY8FPNITy14jmsjgaphznZmbvbPj4a6aEsR+zoyJf2c=":{"valueMac":{"type":"Buffer","data":"zyV9v8+DLK6e30Ba4CjZ9/HhUC9LwQE4EC28OL/yTkA="}},"BqwdWFRPZ8zJMaIpHunYhmHKZdimfYXzMi9A2myTXi4=":{"valueMac":{"type":"Buffer","data":"eNmbz8yy+xeuK7mKzgaiIdM5UkWkwzFaZ286/dhp1VE="}},"CFcsfK30/BxqZCv9PGYTKZlJyNfE1Pc6WZ/CVtj6olE=":{"valueMac":{"type":"Buffer","data":"d2wurSh0p+kdW6+w4FCcabKA9fXCVARjW1PqYKXYcVo="}},"CSzQQ4cFTAHhwxtDU0QCMQNMnEIUSLZLDCTZ49YvpcU=":{"valueMac":{"type":"Buffer","data":"UkT+YroI6u7WHJO2CMIyyjcfsCYTMGCVFrX9jJr2mpU="}},"Cim3nYo1H7MZmlcKl7fr0oEXt2RyIirU3iADMSmzRXQ=":{"valueMac":{"type":"Buffer","data":"MWxSyTCEKGxpHOrYYQdNJ5xKrOQqkR4HUY487GJZ2HI="}},"CwEpL8Nax/CzonR/ePSUA8Zjsyl+BBbHVNgIDIEcq5c=":{"valueMac":{"type":"Buffer","data":"mbX7di1WZNo0S8dhlgO82NBN6MJEsO96yMg6z9Avq0E="}},"C0WYp3O6Bm3/O+XNCdU0B3xW8TfuduURO4KltVxb5SA=":{"valueMac":{"type":"Buffer","data":"h92cAftqewjfcvhrrxqct49ferWFEr16szWdC3Y0Q7s="}},"DlihMEsE9bb2gCpetTDnyGRKHmYYrgWnR/StiqUaYeo=":{"valueMac":{"type":"Buffer","data":"ExdiMcvnxT/C/BmwVUIRMeYQ8dyIjlcx5kFDTS3aODg="}},"DtebEOUEXbpnOLbBNiUo/bqEU6M9S/XxbyB+fdaGO9E=":{"valueMac":{"type":"Buffer","data":"2qz2lNb55cVRr4vKl1XxyeftOD+2oj/x4/9IJAP+fS4="}},"EStDf+ur2vYoYBh49PdPyyzPHB80DmGGcGi2kNP7M18=":{"valueMac":{"type":"Buffer","data":"i5XR+BqMdoXgiKHtEZkK7j5u2EVCnDqOZJRQMGa47Cs="}},"GAIu8KWUK9wS1dIlt2fN39hfONmKWBVvCmhiUT2mWrM=":{"valueMac":{"type":"Buffer","data":"lm+dxUDhG/etdMD4dMi0Lp2a87w/UzLbDSfoCJ0DF04="}},"GY5u1S9yMquz2FSfOh22zvMl59Uz/hFEnyCAHzmlRfE=":{"valueMac":{"type":"Buffer","data":"DbSWdN3tGqhmGsnByXReSZ6QQf6/CnGuwm5VpuqzCKE="}},"GaBR5cRN+kVlayGY5BQNCrcxAF18+os2uFLdwATtjWc=":{"valueMac":{"type":"Buffer","data":"EweABsOQM/nLPZOf7Ns795rJmcQGZLyi5Rbm6ut4oQk="}},"G4kHTFCMMBhWhNQPjrd9MUvpdKr6FtbU9RlE0djCXm4=":{"valueMac":{"type":"Buffer","data":"WacoIQ7e92Fb3uvWGhImQXQ0/eECHqkerAtEMX6o/hA="}},"G7o5NNqEI9JddizyVI37AQ+nHZsqpZD6D4OPDX+tI44=":{"valueMac":{"type":"Buffer","data":"TksPucez301H8/3PWbPP4u9v8KbNeWWvGhniKb5fsSI="}},"G+WVIJWwDMwmKIX5R/fF2zEX8SqDC/vFQVKBnD6lvuU=":{"valueMac":{"type":"Buffer","data":"vtVIDW+PFzwWTYSmaw6rA+USvlfvEbuqKFwXbKop/sU="}},"IuThFkYB6oX6c4Ne+cd15WmVGud4IKEL2mVjg9JBxVA=":{"valueMac":{"type":"Buffer","data":"+i3ykgpMJJysifD7wlGn8L5b7ATk0iPHF7HeFzuZLAk="}},"I8DzbcZQD0zZ0l6uHwlEhVF10ygEip2uJBRrgmGfnfg=":{"valueMac":{"type":"Buffer","data":"CZXH/TmM0uHO+TUfW8KJoKwJMr2LdlN5I4dC/slDtZY="}},"JWN4hxmjknUZAMJQn2SSMfw7uXer2JAq38lCoPmreGc=":{"valueMac":{"type":"Buffer","data":"+LIhQrGSJZ1EJ3I/Q3KyFjnNrw91MT2qknebdILKEmQ="}},"JnUV9UgE5cvymj/+pX9MfX+M6+hL1fMrfqYs7e04d6c=":{"valueMac":{"type":"Buffer","data":"UV2PXFQYeVWHk6dPgaOxI8YSmvZKQGBdEu4wDxxZezE="}},"Jy1klK9ySefxwzE6HFykylLQebcoPHqSl4sG2K2dsnk=":{"valueMac":{"type":"Buffer","data":"7Z+YZ/zNU1CgX2/511kt+gKMGyijK00qTyaeFdPZQcU="}},"JztLBGxrOKG8yHzlnW9e8bo78himAx91G48Ngh9ybQs=":{"valueMac":{"type":"Buffer","data":"DEAHLTgWufs4kzzM+icuHAWUWd6IHr9S+liDcTSNtoU="}},"J8ESFGGd+8HaG4daextbtTlQ4qmL5A1GAfgBCL+E11Q=":{"valueMac":{"type":"Buffer","data":"IqMkPLPwcn+ngpT2Ce05royt2vkkKaIostYYaCvMbW0="}},"J9MQOPfenuTVA5EVN15I2SZzMKkxi9a3V9UMFMSV0oo=":{"valueMac":{"type":"Buffer","data":"AVU/nCtsG9lyt1CbWIpjQl8PCMCKaWGS26MHIXxNQhw="}},"K9fhZEhIdB3eSQVjQcvpEPuj0AC7ih0/Yd9XdL0Hgfs=":{"valueMac":{"type":"Buffer","data":"4ViEsUI0Z2KXzOn1pmjUPL/MzIFjBrcLpacAM+4SR4M="}},"LL27DWFAuNTs4xoNj9zRpa6qdP3mek7/0q+sxvYzGOs=":{"valueMac":{"type":"Buffer","data":"pCDdrA99/QmWilf+LymvvSkFvamrI8UKCUyJccZu9ao="}},"LO/us7QPwqmGPSXAy2u5d8J3DXQNbwRmSC2CR8nS5GU=":{"valueMac":{"type":"Buffer","data":"X8NNEbugVHFMC2S3rGpEEvjclRoAzvWG8wWCuPQNEG8="}},"LcIcWyzkK/lOdWwRM9UtUaAhKAbjR74Fi8a10pB/h14=":{"valueMac":{"type":"Buffer","data":"0cGQh+p1ygPnSRMPu4OG9VgKtg3TMP7CC4zbB62iD8Y="}},"MCylAQ92hmtQycKD8o/CSPFEACQPp6rwmevy1b2L5dE=":{"valueMac":{"type":"Buffer","data":"hmjnbqppteV5Wj/yfW8b3AdVijMDecFEBYLkVSaTUuM="}},"MP1ulFcjjDYp1gYNEohkyg8NWZO+N7lb0GVPeJc1of0=":{"valueMac":{"type":"Buffer","data":"vPDTrIjQGMo1PP67oDB3rg7MkIMVwaJbsf7j7QHGMps="}},"MjHrCabgrsqb049+aZDJLQDQMxrrszW1jN0v4NE2Rjs=":{"valueMac":{"type":"Buffer","data":"OpZqWHnriyY0SJ4BXz/P+FlD/QrdsExBR8DjJrLIq0U="}},"MxRMQCnIFS0z9PPBcchmJX+5HhOHa35vccoSLXVC3HM=":{"valueMac":{"type":"Buffer","data":"/qfQd+X1aJW3P7v0WAUOjx0XIc9B80tPHfe+EVNDcSg="}},"NCcjMOWQQ9QADZBE7QpHsBBHMmMygIvKGVb03I7i/Hw=":{"valueMac":{"type":"Buffer","data":"x8tITk57smJNYL8Q+F4vNv/ttcW8S51qcrEJSxUC1qg="}},"OgCekBsfQmaQOGSMFCkHKgUaJP/bQMGYjjfGH5ycrHM=":{"valueMac":{"type":"Buffer","data":"9DujIxus6g6rUgRTuCbO9XySyh7jYTeX7zsCpMFfn8k="}},"O67p0uKRK6LyHZEWefTtxaSHDPfxMw/X7FuHHACbbi0=":{"valueMac":{"type":"Buffer","data":"jl+VTI9GmkU6t3jPi3OClO94Uoady3DjR9k9bTk1A+0="}},"PyuXFwj0hBgir0uWabcc6nxsOVYxcFdQIOL+aFgs3n8=":{"valueMac":{"type":"Buffer","data":"trdQ8FcTMzh58ne8iNBR8n7NsT3FAr2eCaMWp7bZU+g="}},"R0mmVJVedeHXdFkwOujIl7w0PyHCUH5BBZMC0smquwE=":{"valueMac":{"type":"Buffer","data":"/EJ06SZ9dQ4gGRTzT3psYpoipq9tbiLvVMLWBVh8JXk="}},"SgNphN5B9cuoXj1tmLPyP475bvUGOaAjlLX5Ej3Cmrs=":{"valueMac":{"type":"Buffer","data":"bQYki16pRTuDnaaROWBRSrZ/GBJgh/VI/Rp+uaLKTUQ="}},"TliNxlT6dPFyiciw4ld9eVvr886qghJ/zwRs2UclWkk=":{"valueMac":{"type":"Buffer","data":"aWKt8zT/FIBkCoSv1FZxEUMjakdrDOtZjbw/GeMwmKc="}},"UdGLVjqbuD3pWZCtZ7jZ2yYpGFRJgPqGWdQuMiGM3AE=":{"valueMac":{"type":"Buffer","data":"ZGfUQiwlkLb6a62i0MnyGb4i4KcQiKbK81aH9eqydMY="}},"UfOd16TnKN9KQ4muslgPw0yt177rv02fpQqktpuT7jo=":{"valueMac":{"type":"Buffer","data":"YlWnKnoHGpsIsyrnHGOlbtG/mXVLr9P3IuIrOqNUi7E="}},"VnPXi4PG3HA4Eyiadpy1ZJOuGoNd82TcXkK9yYd/VMI=":{"valueMac":{"type":"Buffer","data":"mBbsXQ8SiqzNX9EmkhVhi2PB1RbOBZumbf6BrltGTmw="}},"VnlZMtvtAMZyf0wXlXJyauUwe5ahm6rHyIn8UdCRKiU=":{"valueMac":{"type":"Buffer","data":"X4rW2e7+7WfyFQS567uPvieBpqiFE9LHM6X4prKdMJE="}},"WDvzxI9rrlXdJFhFSaMIBfSB435qdQofYQNIMofQaL8=":{"valueMac":{"type":"Buffer","data":"JgqZ+7L3omkEb47NMMOn9ebpjcljTu1xi3oNaBLrrJY="}},"Wfd6bUEzwjN+rXYgu5k3bcBWe4P7OeQeAQtMJxUG2tY=":{"valueMac":{"type":"Buffer","data":"oJJSKuuLqfu0fTymle5ahlEjTcyWwVCafgv/Zy18RUc="}},"XBmWxi/1FApnhnF+1+hmSG4cvOc1YARdQgPhJdIiAQ4=":{"valueMac":{"type":"Buffer","data":"2v2nHm4oDpWltMzGcDsaPylq2/RY+zmJ8cV/xYAoLbo="}},"XDej+K8zSv0Df4VSH4GhhkXQ+QfUTNJGsHm8DIRQKIo=":{"valueMac":{"type":"Buffer","data":"n/hbDUGPqYQq+Pcz27KX1EsYjUj7pkAqpgt0BN18xAs="}},"Xyr66FdelXaD8JZyYEkBhl/4vfOwuDjmZamKNZCWz4k=":{"valueMac":{"type":"Buffer","data":"U+1YEs8/jfwDbO5e1WbNXHDFWp4iVvZGnhRLKcrOiZk="}},"X4qOLCMdYy9malEgdxlzHGruFLs0TJrBYKQdofC7/j8=":{"valueMac":{"type":"Buffer","data":"WJTUqFIZmawaD7i45i+okBAQeFtcPtKYI3X+nLFjJDc="}},"X5q2VIYASMlZTVOV4uci8GXm8geiQ9uduWj/gbvgYac=":{"valueMac":{"type":"Buffer","data":"7s0hwyVBp+2SQOwbU2PWtW6eoej9JmNaR5g6T1kFlTU="}},"YGxbmDiDF6MMEdn3tKa6nvlC0VC6WbmikdOfxb2+/j8=":{"valueMac":{"type":"Buffer","data":"kT9KKwXTDLS0XvjVFCEmKVqA3EDge8tr1P4FFoNWdQs="}},"Yk6uDmFDwvjcclqerXgU+J82yFByCfZzibix0aicHcc=":{"valueMac":{"type":"Buffer","data":"F+UHRK6h+zCGgoFHFDQP69QLdslZNQ+82LDv7iS6LGk="}},"Y740WoosUhUdp+ZUqV60IbpEFDZ3p11jgxjhaQ8o2dg=":{"valueMac":{"type":"Buffer","data":"msG+fsxk1cQ6Hi3ezq5HqjPy7Rkcz3++7AA/CBRwaZk="}},"ZUmPyIJ0EMEC53t3X2i6+Lkmc/c0V4QnbLuVW1ijWHw=":{"valueMac":{"type":"Buffer","data":"EJaEbzeM+1ETmgQUXH/tasyV8gKkUk/yN9lVsz6An1g="}},"Z/UM1qUHSGfNXCyJqOmWYKBaxQtSZ+qekAoF3uLfYgo=":{"valueMac":{"type":"Buffer","data":"9gGINBmS5r6qkLskyDKYaZjQrTBqkWEqrQry9yEC7fE="}},"aMyWm7Xk9WaWXtiyFFoj/LpMCqMg8vZ3Xrorw6dALHw=":{"valueMac":{"type":"Buffer","data":"tAW5iPCx1WShwrT57c2E8Q96gDkpWOLQDgqmIsvn6b0="}},"agHio5lAfh4VBhpa9g6A9CMURZHd+goC8uZBwNG3jEQ=":{"valueMac":{"type":"Buffer","data":"1/m9+5dSkeodiGCx++q1WbDFrq5dJwUO884zFl0WO24="}},"bpShFSGk2v4iihe9n4waazn81oOmrnErru5aJd77uo4=":{"valueMac":{"type":"Buffer","data":"UiYFI70DfokdhxaYluC3Er46c05967sLW/2zj8dqREA="}},"b13dWIkbsH3iXquNCz0Fiou05S1EXGXXTYyCGmg8aAs=":{"valueMac":{"type":"Buffer","data":"s2p5kRiTCK4mUpvaBCB9mAgf+0m47PRnblbxI5R6ZDU="}},"cJdPSbC55nQwcrCfss5XCZi6TnWRByiD7TSPiC+8xPg=":{"valueMac":{"type":"Buffer","data":"WQ9Cj/iZnC9taQogtEpX4zbgBmX9JVBoqxW0b+/Xkd4="}},"clPkumWoSIvGhQN52IHu6EymtplU+w9gI21L7aF/css=":{"valueMac":{"type":"Buffer","data":"sEMLz8CQ9lcQo3BrF76IEI7kZE8Epn2kzSyCi2pvxJ8="}},"cnevmEFOcrCjVJ7sDqGgb2n9qLhbBa4MknxQSwEYjUo=":{"valueMac":{"type":"Buffer","data":"obBAPoI+9oZmEf8Pq7KGC9s0FM/tX2V9kz/VIfnTA9Q="}},"dO+BlIXBG8ZwLdnD0i7t5N6xLK+wNATPCM8quK/6nWI=":{"valueMac":{"type":"Buffer","data":"GN8O7Gauc1y8S/ImkXulHu7CNCt7B32TzG+cr2aqCog="}},"doScFTXegCtXH62T1E2K2etga3/0xFksiv0azhDQoYc=":{"valueMac":{"type":"Buffer","data":"MWl3we0f2wjuEx3CdYP25RCOBNtzDZ2RT16n/d5Y/Dk="}},"d6lN4gASwlbwjnIw3O6rLznww9LZzvOGeL2ib0Qs4ec=":{"valueMac":{"type":"Buffer","data":"9mBwQFL+mgjlk93MRQSI/FiVkYVZjTzg9pVEHXwI7y0="}},"d+/0K7Oky71uHszCKOC1Ie4L54LBoxyYclN7JLQTse0=":{"valueMac":{"type":"Buffer","data":"dWbpQ0+FaqjEg0gPaNkmDjPo1Ked9mUbtqZX8JqMbOA="}},"e2p8j7pYEZ9sx0IlX64TGzH7OEF5/MEB30hZ0CeqYnk=":{"valueMac":{"type":"Buffer","data":"OaEn+Q6JqWf6tDEaJzGeWEzTgdT2+ZwxlWOCRAsTpo0="}},"fE8uBteiYeEhLTz9kBaeD9zO8v18CgYzvytO6BvjqSo=":{"valueMac":{"type":"Buffer","data":"EaO3WcrvoarM0FJpIpSWQfhiBTEF+Nb4DjuCzssYn4E="}},"fO1R9rUC2aH4CvZweSYXnfarNQfmFnB49bPqSUmOZM0=":{"valueMac":{"type":"Buffer","data":"VnPEUTw5Tmoz272Eo/FxOCz1iNqLywEdOpAd+4XqPqk="}},"fPaOuR4JQ69uw6JUE6FzO5BLUKTrlFPYWAdo81qvT8c=":{"valueMac":{"type":"Buffer","data":"VQ7/z3Sja/0JF+QQa4jwvbDnrrpAF6xdsSi65VAf2PA="}},"frD4vmt4haq7cQWS4Mhqrzm2+dgq5D41uKgg1YSbUK4=":{"valueMac":{"type":"Buffer","data":"fTYDTKxxAZ6BSoKwX8o3L/hdpbzn+bu1RgnLLotXdUI="}},"f0d9PViJc2efXnzmCvWcDQwLT4fN0Vb3iO54ztbq+NU=":{"valueMac":{"type":"Buffer","data":"xvAvTcAIDGMYxSDBueOyXQh+h3eMJe6OJJybiUfrurM="}},"hUXNj+D5xXgUSAQ9S2lk/9Hk6TBxsYPZ3gPAp532mZE=":{"valueMac":{"type":"Buffer","data":"QHku3YUEuRQtOHjgiPp/FDYtt7vfEaV43fSVSvGmejw="}},"hbA3sCYsHQmpzgK84lIykwWhRiyG1oCZNOswlsSvFDM=":{"valueMac":{"type":"Buffer","data":"PiTJoMbi4oocciK7FryYg7OLKW0trsib1XX1COw35kU="}},"jNdUbzP1wQMA2We/I0DnsWLgM4SXBPtNpuVA+fMM1FU=":{"valueMac":{"type":"Buffer","data":"T/0V2FyfzR999yE5iznDHjj3BykPp5n+opg2BbDGq1g="}},"kRzhw6hLehViUIpz3nsz+Qw3/Cl12JIhXgvdfW6K09M=":{"valueMac":{"type":"Buffer","data":"oTJKtg4ivu4sEOPGOOCbqEB3DLkdSfyw2M9n779y+Es="}},"kW6d/uZgII86SG8hh4xdfsEm/G2dKRsoiNSfvQtHdmo=":{"valueMac":{"type":"Buffer","data":"kFopYCjA0f3yIO8ra5bFT08rHW3sTHTYQVGaNh6e/G8="}},"k4FchmYjEthLQa+8uxasaZl0YXb2eDrDQOs94jmfN/k=":{"valueMac":{"type":"Buffer","data":"KZvI2KH8q7y8AKGrVbHatUJrD7k5Mgzqh+YJM2W7F08="}},"lRYYs52KW2kVPKAJ3FxGwQRBryOVjofx9muuLuW7oXY=":{"valueMac":{"type":"Buffer","data":"787FJXmxF7FWebtnzISq8nzxQgdZuecyLHweyfJ29QQ="}},"lSyDiEv+2D4uDahZOUnSC2+miZZ6zB2ddvbIa8btSi8=":{"valueMac":{"type":"Buffer","data":"Q74jvZAaipgmPlGvX8aQmer4DEfulo7exZ3awaUgYJY="}},"mcdGOG+kStAutZKokdvWZZpc4/REoChqrRz7jSoGvIQ=":{"valueMac":{"type":"Buffer","data":"B67FAZqTNbJseqM0LxCq0B3tPK6RJEgpd2R5iODkQng="}},"mm/cU1PHF/hLt2PYEE26ulb2eyb0KW5xAHkIbxf7c0k=":{"valueMac":{"type":"Buffer","data":"hoz8L7vFqs76s3cLyjzPo0rq4/u2UgOmvot8dQCJ6aE="}},"m/whjDna9gxmvrXUJqcqtmj4Co4Rs1cuDCQs9LyyG6I=":{"valueMac":{"type":"Buffer","data":"W+Ab4JHh4/I8dEdKRjYZhO1hgwui22BexaLfgMaZfkk="}},"nC4yoRfS1OpGfZ2uQiYHNZG5eQEtuPWIL/FeWbc+rh0=":{"valueMac":{"type":"Buffer","data":"veDZWGo+MzV+cMnXMmfu4qZfvKewId9aSP6XYKHd7DE="}},"nR1h+vqPRdtzmRO+dKRJJo6EHwxBtl3nIAXNnKzACOE=":{"valueMac":{"type":"Buffer","data":"IMX6ffBvpDs+reJoEmLb5FiZSkZh4MK3RJFPWzkcN/s="}},"nluKn5L0u5Kfo6Kcg6wf9OkmGz0UDNYGn/6tGB95MAk=":{"valueMac":{"type":"Buffer","data":"UDU8IBU9+0velDZSQTDdwhrCm6vUvumMSnm0Mnyuo2A="}},"n5M/wDBiQ8DexAAUBB8AV+Se0ylzCTA2Knb+27oORl4=":{"valueMac":{"type":"Buffer","data":"t2pQTpCP/oC3E3Ue1MmvJVP2VdYzPFqjKWP1BAeNd6g="}},"pDHphg2XfmOLb98hAt3SRYuqT5ITqP7UbunpUH0Z2wo=":{"valueMac":{"type":"Buffer","data":"XsLVbEVSLctHusJp6xHSFCORJ7EYnIVdmjZTyGw1iuw="}},"quJLyVZaneFcVog5W+dPwKjxE8goIbeNC3clYTIL9Uk=":{"valueMac":{"type":"Buffer","data":"G+y4cQjcWK7dguaO+uY45wh7f1P0acQol76DPa/mhnk="}},"q1ALJ3LVmTXzatpLn3+/eMxd8ZJVcYah0/mmXtBJ68M=":{"valueMac":{"type":"Buffer","data":"lsN2GTy8yKM84inHHRD65VpF/FS/hXpFY8AqNnOirZE="}},"rhXv/lbEzUPST76KjtCy8+aArQ8GWAksc4+z8646v6s=":{"valueMac":{"type":"Buffer","data":"Rvxe2u+iLBWJ5Ckf74/TQYCu6NgHY9UySXgnGrl9VSM="}},"s2Ofx/K8MXpOZ7ryZnT75rYi4lvzMQGc+kt596ms0M4=":{"valueMac":{"type":"Buffer","data":"RBzGsuPZRtV9l11uzGQ1fQPZSXDlTVLipzoyfshsUaE="}},"th/SfG8TPkk9uvLX4/D1MF6Lfm7UvRm8VsmMd3wbVCU=":{"valueMac":{"type":"Buffer","data":"7cQ8e8Ys+20CuHyWL9GCJAr4tzpMYfye+4XfCZ9z2Yk="}},"trU41DaMxW2Fn6a2+HTilGtCvKWjPg3z3l0kfOYWA30=":{"valueMac":{"type":"Buffer","data":"Mu/iNJkLlBQJIdKlUv//yJp2PRvKI7hZc5shyWX5ub4="}},"t6YguXlyo95c9eMr4o4iX4UnBlpvfmddCLdyVJ27z1g=":{"valueMac":{"type":"Buffer","data":"t+u4rMEW7xVIEG6rN9oFxzIyHbHETtYccNSC5mpTR5E="}},"uDwykoa+gDM8R66RE7CbKvgyue8YI9wFZF1eVviRIPg=":{"valueMac":{"type":"Buffer","data":"x6/e/ujQO9/zkZRfMOYm0RUDdGnBGDt6Ln8qw2Bflk0="}},"uFogyrBVTeNgB78CGzH5hoD0GM679nhvS29MwVuJoI4=":{"valueMac":{"type":"Buffer","data":"HiLBl7xh6JDYbuNYlYg/gBfuxdeYFZQ/xOQ1mHovDnc="}},"vJhGdwREQoxCIc5QCp+HwGGyfsxUagE/lfVayqa67EU=":{"valueMac":{"type":"Buffer","data":"ZC4XlZMntu2Mh1Vsv37umZf8ThfYBus6CIPfkb129lg="}},"velIjIYm1vJQl/EeszrxINVauej+0q/ZYanCM3ewJT0=":{"valueMac":{"type":"Buffer","data":"dwYNVKCR8LVpKYn4hi/OKtZVCZkCYmdMbtVokUC7cLU="}},"wD28tlIg+qADlNFfy0vv+6ZTRcfwol5cI1w/ffC/DvQ=":{"valueMac":{"type":"Buffer","data":"ErKRU0hiD/yP9ziBB/XmCi9polsJg88vp+LbNDFTeLA="}},"wqkT6BqMCR74ROssThSrN4TsKLhZc75vLzf/7EwLwbA=":{"valueMac":{"type":"Buffer","data":"BCzeiOS5gVshIkKiEue2Stj9zR4tKV7uShuGF/y/JxE="}},"w0w604lFsewMuQt45srBCEyqn69ytKOlh7LgzsolMOc=":{"valueMac":{"type":"Buffer","data":"djydQdcNN/JKDYGs63EOwTKP7/L7w2jZfaOPSf8rKiI="}},"xnXzP5At+oTm2aHUKEeJIW/ulIQVLNk7mHjKjg34R/Q=":{"valueMac":{"type":"Buffer","data":"dchCMqg1ZhCmfzNvmcYVlcHzcouP8gObkbJweQpYILw="}},"xqLA3fCdAMS3XQHERFMxiHLZgY5mh4/bbc43o0LkABY=":{"valueMac":{"type":"Buffer","data":"EONX/GdyLLaGsddW9uNbGCbE5Qa4IYAK3rp7mUtDaG4="}},"x8MIQFPM/TSYKPzfGM6YCwkC69gDLdkv4FPSJZwrGjI=":{"valueMac":{"type":"Buffer","data":"mJrsOwg2CiQVVdJU1Pcgu7pBY+8DYfcrLV9pJcNSi4I="}},"yBm/m4w1ubZzLprY/JrSjpPWaJ4m5JEGK5g/4+H/WWs=":{"valueMac":{"type":"Buffer","data":"WBWDgk83y1TjWY5JMZVh5HHxeXX+0DTckHnK2euAGbc="}},"yh/y8DzoMHqvVuAEYO7+5QO0vCBaiSsuhADwmh7h8LQ=":{"valueMac":{"type":"Buffer","data":"1zRqrsTKkK8pC3aRCgu0mLsq3MtQQHBNJtOzKgsF6Fk="}},"zVCm1lJHFiY9Uvyxz0iKpUxS/gVVWtkoHtDS0NdpYhI=":{"valueMac":{"type":"Buffer","data":"/XBsKzVor8+i4eXpXt/r0XXo5GSai8kW4vIkyhI6ppw="}},"zeiBGeS8T2CMzsk4LzsS6icio68z2M8pW1eMPiZcZkE=":{"valueMac":{"type":"Buffer","data":"XUHWcgg5fdjS7Oqy3XtWjMLSifKp4hxtbi2j8QMhEI4="}},"z22b5y23d4S3ghNfvDFlLmFEDbQiAS3UCG+AUgTGrHw=":{"valueMac":{"type":"Buffer","data":"Z8zBI8+mw9sMe/eKLCiTvXyCPiyLwllkQf5bbBKvJEI="}},"0HuWWTrYDjRRB+tA3fXMbhm/lCNPoUsOyYxCrGfJO8A=":{"valueMac":{"type":"Buffer","data":"OkgY05ygFE8NvZ+Bv/RGDqs4GJ+J0ItArcRdaWUhvuc="}},"0Ij4FcGUQak/32qSek6MaPVySIQiMSK/iIOgs04hRKU=":{"valueMac":{"type":"Buffer","data":"exoc9VwKuvBU4402xJpDlFibXOs7DcvA4Asok5+I4qM="}},"1EG9r8w348sTVLAK2q8iI8RzGCLvmX2098i6vK7fRpU=":{"valueMac":{"type":"Buffer","data":"yEzNp1vzrKvVqOb8z5RLRxU1uY7egU6yz/84Br88Mvw="}},"1SZS46VWw0JscGlYr3m5ICWSLx0vqu1t38ftiNw3FB4=":{"valueMac":{"type":"Buffer","data":"GWNwjnqzrdGoHYy18wb4CcqmEr8J+uj9RboKvX0p0yg="}},"2SOq1+kfeLko/6STxudKB2Si8sieoUJvnlsh7UQ37P0=":{"valueMac":{"type":"Buffer","data":"cjJ0/IRovn/NOSpkmWB6hzL8W14eKVb6wJnm6zsbICg="}},"2S7S+u5qyVeOJu4sUokK/H/KelSk7Qy8XYTv+a76d5o=":{"valueMac":{"type":"Buffer","data":"3xu6wdKlwilf0+Z4dxj49rAxiv+cst+KdITCTxVqAHA="}},"3q0xgw1FcA3LyMUJ0FngNc3+Ak2STVFqKbwolAf5rEw=":{"valueMac":{"type":"Buffer","data":"a5rFPzjlIIreJJfSNpwVdq4NoPTs2yDWu2RhWUkaNH4="}},"3yhmCV8sGK1J0JSJ0VE3mLOW1w7EFt0Qykpm8ih64/w=":{"valueMac":{"type":"Buffer","data":"MiwN/mM4rwfGsRV5Y/0/1fcXnoKipsSbDo1+MZtDwVY="}},"5kZEJHkvbq2ZVJI1YB0TwAdes1lHonlR5ZJ4bpASVlQ=":{"valueMac":{"type":"Buffer","data":"Uu2T7AhuiU5YkqqxGlUecxs1QINIYezDBs1oSfwnQNk="}},"58+2b0jLPByC+2/Ep0yy9qKLvr7HBX1UCsJaW5Zc5Q0=":{"valueMac":{"type":"Buffer","data":"HbsUqHWnDaEKuN2NudY00urGk8gRfs6Gyx4ADcTN9iM="}},"6eEr6jkOki3s/lQo29XrLPnA0xpgqAjK76yYkuM4lJU=":{"valueMac":{"type":"Buffer","data":"EaV7kvV8lWn/eF+R2CnPEQovfHi+xly5ELSehvpwZTw="}},"6u1Y72cxc3hDJNcuyRoRE1Nl++s/WbZQyowmdfgmLas=":{"valueMac":{"type":"Buffer","data":"O/aNUwvzICuxhZEGqP+XpsqYhCI5IKiOitSGifO/Ydk="}},"62wDRZyJwwMu5EiP55WncrohrnjWLxnAMWN52Olh0hk=":{"valueMac":{"type":"Buffer","data":"OYAQTZTw+rywUZwpHb9Mo9tQzQFqVGmKC+Lznxal9fE="}},"7KwMFqCSyT7y5mRm/FTzK4dapXyQGkxOEMOBCfHuHhI=":{"valueMac":{"type":"Buffer","data":"yJMA/m4+jofbSjUfOwva01Yl+VPWqFfu0Ap4aAODGIA="}},"7ZDKkwbSqARV2uyc6GN8fUBrCk6ISNRnLK24uQcC9XQ=":{"valueMac":{"type":"Buffer","data":"vgp3OCrzNWWBNDGG+0ZPURcr7G/U/23lc0DFludPU+A="}},"8ZlR5GLcNbfLzTeUwLSzLUy8datpMBIdA3HLjDfAsbE=":{"valueMac":{"type":"Buffer","data":"P/I4vr4wleQnDpN/RgMD08USarhSoyuiufYINwHuWuE="}},"8nm+C60NHcEYYcookoHXHhED4ASP09LASf2RskA3n9s=":{"valueMac":{"type":"Buffer","data":"MCTBzCytE2l/PnATmHUSvC9qrTMjcBYmi3KhEojpjAA="}},"8oddjIigO6+P6cCz/+gtkopVZNXxLIZXtmQSnUR7PJY=":{"valueMac":{"type":"Buffer","data":"s3J0ZEeqbctwQa7EHoZt8EQXwFMN+HD/fQnH/PZfGTg="}},"9NaWfxpWRKp4Dgb/J0OLtho0b6EHpbUF7UytTt6qlgQ=":{"valueMac":{"type":"Buffer","data":"U9W6nYtj/6sOT8BTuh2XC2W1JGr5+w2rS3aUSdfcPRI="}},"9pTFrbKNBhU1j/ZefHo5Pj9zfvKbGWYXO4mznVmz6L0=":{"valueMac":{"type":"Buffer","data":"iH8FG8wpVbtlFzudCtm7RUi00jByWa03NP3j5Kzwm50="}},"9+M9mSAfla8+9DSOewKcePp4ghOUvQ+UG1bWEmN5tio=":{"valueMac":{"type":"Buffer","data":"zDoXsoHpd0V/vNhMWZbJYO2qqxnDg3r9VJYngx8aXhQ="}},"+NMY+Opz6nHPdxeLLb6d3HiBRfg7eQESX4NPfGdZwx0=":{"valueMac":{"type":"Buffer","data":"8323VrPyjKwSagX43ZpW+zFSuDWun+Sy+Hrp23oGdYs="}},"+cSRUxgf6ogxZdgpKsvAkIdcZph7ZlTOaWY72MEHM70=":{"valueMac":{"type":"Buffer","data":"AjVzfQcEetuK0ou7UE8oU/+0DGGfBeQ5bxvh4ShHe64="}},"+ecHWYwslAo5MHBRMUXDWKDPxAh9OdUsOK2ObO5iniM=":{"valueMac":{"type":"Buffer","data":"ErE3vikp8cIrgEBi+87WITwFXcAYKU7dWZGknUijjCE="}},"+5RbCJi9WZUBjjYm20U/ZUIkH5xMbnsKuJtQ8XBh4KQ=":{"valueMac":{"type":"Buffer","data":"2DV/5/h/NxjDpx80ioKUuvjci5QrlSU+AN8CC/ChVps="}},"iLiq3CF3KfHRCLY3ZrUrftaCY8XkkAWQf5Wv95GVXjM=":{"valueMac":{"type":"Buffer","data":"PutSJgML7KbhjCB6YFT8Qcb8EJnk+fFUfnbEMh1gI1o="}},"EVB0UJA2H0iapGB39GTEKHE0iBAnpffevwunydZZAf0=":{"valueMac":{"type":"Buffer","data":"KSGUU2mbEu8wTP8Yrml74pMLcHgsOp+slocmOHdfPpk="}},"5sDOFwyFYkpr8+UdMTGV+58xu2ay+ZxhwOT111ArbVw=":{"valueMac":{"type":"Buffer","data":"azPErHxC6QNxi4cGNsxPOllaYgirEPcBXjpXbjkBRPE="}},"o7BUAKLEb/chITwlnfbsCvGoN4Mnqb4SVGQCq6j5f4Q=":{"valueMac":{"type":"Buffer","data":"pzZJADHdL7RTp4NsJWRIrmoCQoSXs83ulu7wwVgsl5Y="}}}}