{"version":11,"hash":{"type":"Buffer","data":"BEIYbrlxPvF+7JcJbIy0HL3RvlQwhi0YP1S4tnCkBlazdRe014yrgtxtlWd9M/xUvK2Fclll7hb1qsprGXbbMmuXGZVfXwuZUl8KCKDYunMyA7uKTXtBf2zJ4eCbusyoe4kxXbn6D4ykpRHGLeBmLJlIpDEU9bis0fCN6rdUgH8="},"indexValueMap":{"gfH10PDjciz1UEiQMXHZpfc6df5yLrKd7HxzI/9ghr8=":{"valueMac":{"type":"Buffer","data":"EyyGq7kv0SNXqNde0LYCEq8PYEHiBzkvUEZ+CkgdTME="}},"CoMVC7np3k4oyZZXyN9jg/Ah0AFk2jpbgMQNSTwVa3M=":{"valueMac":{"type":"Buffer","data":"B7l7TvtqOA2eTsUvpjcWHv8bCVT+u2qIWI32K/E0I+M="}},"zlr3I/SVuKsBleC2aTEN3FRinLhQEO4+QtHWykglWGA=":{"valueMac":{"type":"Buffer","data":"LEwviPgCXBW2I85nMYyB+1Mn0fpJKghqdrYqsdrEmoY="}},"RU2CTXe5xO1tnqKfGupSN/6NdfAlR1LC3AySrybPbtg=":{"valueMac":{"type":"Buffer","data":"lOoHK+w0bxw/gKDefHhh1USPLjDDjtkSG1gRXor4I2A="}},"hGAB0JHsR40xUeMHsDLF6rEFoxmlPTuXjt+rnVtsgeE=":{"valueMac":{"type":"Buffer","data":"3etCwkhcSe9j/mr+dlLd5BWDYExW38kfyo/MRvmwk5g="}}}}