{"noiseKey":{"private":{"type":"Buffer","data":"mDy4G9sXDf9SWDKJwSdqNa+0YDuaGGuApZC4wHTXGlE="},"public":{"type":"Buffer","data":"1cpJxcJEo62dmHzfwo/3hf1NGFZF2yhH79Ahl7/zajc="}},"signedIdentityKey":{"private":{"type":"Buffer","data":"QIovxpKMwl8ykKDjj2dttgIRI2hn4LOeyrzt77WcjkM="},"public":{"type":"Buffer","data":"nfsRmU6mDaHvQ0l8Qb8joNhk+rVggB9Z2WUhIq8icV8="}},"signedPreKey":{"keyPair":{"private":{"type":"Buffer","data":"eBgGIhQRPnsAG/HeEIS3wtJYD2jzZiJ0g/ZI9oMvGmU="},"public":{"type":"Buffer","data":"bcK6CqvOWfzj75yvadVN+7MZi8rdMUELM/YaAYK+gDA="}},"signature":{"type":"Buffer","data":"ql7rMXMdSw/Uu/ZVd2nM0FcRNlJTyp83wwCkgrUl3PNk3jZMn6TS0q4zfNyZzXfmYdZB/f1fGaKlypCukAY5hA=="},"keyId":1},"registrationId":170,"advSecretKey":"/2aO7yhNmnc5xi89CsGBCOEpTPCSO5sMM1BD/u33YB8=","processedHistoryMessages":[{"key":{"remoteJid":"6285768966412@s.whatsapp.net","fromMe":true,"id":"3B2D9658121F6CEFF93E18BAFA267FD6"},"messageTimestamp":1673798915},{"key":{"remoteJid":"6285768966412@s.whatsapp.net","fromMe":true,"id":"756A246B084E8906F13C53A1903C07E0"},"messageTimestamp":1673798925}],"nextPreKeyId":34,"firstUnuploadedPreKeyId":34,"accountSettings":{"unarchiveChats":false},"account":{"details":"CI/1gp8GEO7JkJ4GGAQ=","accountSignatureKey":"RIbar9Mv7B6AnJPJmFHAmhh2s1Lr60OtGAVXGhLIHC8=","accountSignature":"IbdnTuG7DQtcG8kIgQubsVq5cTkBQkVfCfBdxwciJDeDiAzj5nEq8B2oa21KgcKmEEe8VPK09PazxrJ4LniIDw==","deviceSignature":"wSGDi6qwIdTcE4/zOcvJ1yaCCyi/hKPgr+iXnuqRs2QtGUoA1vShGwLK1HJRhusDtuznBrtxBYJQDEY7ADT4ig=="},"me":{"id":"6285768966412:24@s.whatsapp.net","name":"Y"},"signalIdentities":[{"identifier":{"name":"6285768966412:24@s.whatsapp.net","deviceId":0},"identifierKey":{"type":"Buffer","data":"BUSG2q/TL+wegJyTyZhRwJoYdrNS6+tDrRgFVxoSyBwv"}}],"platform":"smba","lastAccountSyncTimestamp":1673798993,"myAppStateKeyId":"AAAAAOA1"}