{"_sessions":{"BeSaXQCBZ3B4btl+igvTXFU/KTdPz0RT0Qc+rDi+sRlX":{"registrationId":92,"currentRatchet":{"ephemeralKeyPair":{"pubKey":"Bd44K+ZbcWY36nw/RSGYDesXk5j1xav3TBdyUfxObrZt","privKey":"cPDcse5vL8MdUOi5p8r8I1qAcDR7jVcDK3mbwxGG3Vs="},"lastRemoteEphemeralKey":"BcrNw0zY0B2iXbaR9PorLCgveIWNqRlbRHHLbLUkNLsX","previousCounter":0,"rootKey":"SkzfZ9H7FA/MbQAKxU1fwO1aSxjNsxaVmkEdVCLC9zo="},"indexInfo":{"baseKey":"BeSaXQCBZ3B4btl+igvTXFU/KTdPz0RT0Qc+rDi+sRlX","baseKeyType":1,"closed":-1,"used":1673798925633,"created":1673798925633,"remoteIdentityKey":"Bbj70/pwpN8ura4YLCIpBILxLlAsZDD8jBFAnERdmVMx"},"_chains":{"Bd44K+ZbcWY36nw/RSGYDesXk5j1xav3TBdyUfxObrZt":{"chainKey":{"counter":3,"key":"JVlX6UC+6nk9A6LPj3MGy5FazVCQX2N4W69GJI5l6Zs="},"chainType":1,"messageKeys":{}}},"pendingPreKey":{"signedKeyId":1,"baseKey":"BeSaXQCBZ3B4btl+igvTXFU/KTdPz0RT0Qc+rDi+sRlX","preKeyId":257}}},"version":"v1"}