{"_sessions":{"BctBi0mJB1Dr6sbwXn4vVliFOkuEd3uBrzzCdLUmn3tW":{"registrationId":1176624172,"currentRatchet":{"ephemeralKeyPair":{"pubKey":"BTZyEyBlZnrHmSmvbzPapw3ee2hTOL7ulDj3WHSVa/t9","privKey":"WFiNGXiwTUUVLQMy/hR0ZJ632UmkDrOU6QnTylJvAHo="},"lastRemoteEphemeralKey":"BRczdnhEKQ3XMu12qLb/oqfNSb8bHhcDnVYq1JpqOW9O","previousCounter":0,"rootKey":"xC7zJla4eLgVVe1LjT4LyB1TK+JS5xQGCs0WWZqzQ+Y="},"indexInfo":{"baseKey":"BctBi0mJB1Dr6sbwXn4vVliFOkuEd3uBrzzCdLUmn3tW","baseKeyType":2,"closed":-1,"used":1673799010014,"created":1673799010014,"remoteIdentityKey":"BdrhEpTuUbPS8maOCqWt1bJAncoW1spgKZSKwUPoBxVW"},"_chains":{"BRczdnhEKQ3XMu12qLb/oqfNSb8bHhcDnVYq1JpqOW9O":{"chainKey":{"counter":0,"key":"UXSaFvJ5ye3B4PytHIES79QId7PEXChea67M6n25YPo="},"chainType":2,"messageKeys":{}},"BTZyEyBlZnrHmSmvbzPapw3ee2hTOL7ulDj3WHSVa/t9":{"chainKey":{"counter":-1,"key":"SfUiReZvqNTMroQJSXEdr3OGKc1fA50BhJK2PsfmSgo="},"chainType":1,"messageKeys":{}}}}},"version":"v1"}