{"_sessions":{"BSK8dNbabD/SmL1ajXNZcic+pGkxRkASoWW3mF94W3Bj":{"registrationId":1905412124,"currentRatchet":{"ephemeralKeyPair":{"pubKey":"BfqCBp5RvC7JXAdVlaaH9+A5QAppo2ByoTirCzbE2Doc","privKey":"YO6b+mbchq7s4dm6Nzku72r/osZiPjHaog4/lMPNrFU="},"lastRemoteEphemeralKey":"BZwjK8Lg3EVt0WZ52GcNvI+2z+g9lHmqNWzJXnI1pJ1f","previousCounter":0,"rootKey":"e0/FzeGlmYfNXCtODHPxDalNWHPls8EOSlWC++1LLZE="},"indexInfo":{"baseKey":"BSK8dNbabD/SmL1ajXNZcic+pGkxRkASoWW3mF94W3Bj","baseKeyType":2,"closed":-1,"used":1673798989470,"created":1673798905733,"remoteIdentityKey":"BUSG2q/TL+wegJyTyZhRwJoYdrNS6+tDrRgFVxoSyBwv"},"_chains":{"BRC0E/g5rtre5sCaHIdMpjkGbATq7/8aWY+e5L4zzI4s":{"chainKey":{"counter":5},"chainType":2,"messageKeys":{}},"BZwjK8Lg3EVt0WZ52GcNvI+2z+g9lHmqNWzJXnI1pJ1f":{"chainKey":{"counter":0,"key":"l9pkBarO8RVkHSnZtVGN1piUDzDZ4AvsF1UaSzzjxBI="},"chainType":2,"messageKeys":{}},"BfqCBp5RvC7JXAdVlaaH9+A5QAppo2ByoTirCzbE2Doc":{"chainKey":{"counter":2,"key":"u0PePsz84v7+71tpRgsw1JKLxpNVYVSQ3bMb1cm2k94="},"chainType":1,"messageKeys":{}}}}},"version":"v1"}