{"_sessions":{"Bff555PA75OB4l1NKKyLtkj+ZgsJiSXzqV1W8529019P":{"registrationId":1473883655,"currentRatchet":{"ephemeralKeyPair":{"pubKey":"BR65SRreub/R/lz6HEzkTE5BOrKOIM3HO092OtUwOKFl","privKey":"0Fl6r5LEKY40glHjqxCRyYTZlwJNUoWHxRCriVDVE1Y="},"lastRemoteEphemeralKey":"BWYry9sa42hs0Q4/b4l0Grl0bA52cMv27goyW8qQFJoR","previousCounter":0,"rootKey":"ZoHh5sfrh0fsfkWTWOuJyktoNwzL6K4IOGzAc+1HtTA="},"indexInfo":{"baseKey":"Bff555PA75OB4l1NKKyLtkj+ZgsJiSXzqV1W8529019P","baseKeyType":1,"closed":-1,"used":1673798925632,"created":1673798925632,"remoteIdentityKey":"BbDmlrl1+5cEo122mO6v9/NAHAG6rG+qF9Z5XHaT1XIO"},"_chains":{"BR65SRreub/R/lz6HEzkTE5BOrKOIM3HO092OtUwOKFl":{"chainKey":{"counter":1,"key":"RSHL+BoJfzQGnJU0OIE3T5IZkye3Y9F0bf2UhjE1MMw="},"chainType":1,"messageKeys":{}}},"pendingPreKey":{"signedKeyId":1,"baseKey":"Bff555PA75OB4l1NKKyLtkj+ZgsJiSXzqV1W8529019P","preKeyId":1014204}}},"version":"v1"}