{"_sessions":{"BdzgSYp+0++gQ83KSOiOhl+ZHrRayPnlN+6aeeMCXrEE":{"registrationId":65,"currentRatchet":{"ephemeralKeyPair":{"pubKey":"BXXV16r0SK7YB6tHq4gysDEY/wbdjBMdYCCMq3TH8uZI","privKey":"mGVDEmnzLVbUMj0OxOo0mh71NE2KVKdZQUI9VPO9Gn4="},"lastRemoteEphemeralKey":"BXVH0+drd65cwUzqn43vdkfcjBjUssN/a8NX644cGLNp","previousCounter":0,"rootKey":"Pre5ndFZHl4OnFGzW2WMKpKjcbQq//FaK0iaMxdN4Gs="},"indexInfo":{"baseKey":"BdzgSYp+0++gQ83KSOiOhl+ZHrRayPnlN+6aeeMCXrEE","baseKeyType":1,"closed":-1,"used":1673798925633,"created":1673798925633,"remoteIdentityKey":"BYVOvbFXXVHstOPIXVAH5yQL7LL5xcQdEFhr/MaMLNUf"},"_chains":{"BXXV16r0SK7YB6tHq4gysDEY/wbdjBMdYCCMq3TH8uZI":{"chainKey":{"counter":3,"key":"7zjdF1EExOMHWaVJirjM9kyH08J2SCIbPP1cMnpc27w="},"chainType":1,"messageKeys":{}}},"pendingPreKey":{"signedKeyId":1,"baseKey":"BdzgSYp+0++gQ83KSOiOhl+ZHrRayPnlN+6aeeMCXrEE"}}},"version":"v1"}