{"_sessions":{"BSSdevsOUOsv5JswSYAWCsyPk+VVmOaMdGjEdvGI1L4S":{"registrationId":1495227862,"currentRatchet":{"ephemeralKeyPair":{"pubKey":"BYgReNxuxFlQuGHfL1ZZ4EZ3/PBoTNj4HxHPnDWsLRgK","privKey":"iAOti+Kj81o/vkINd5KDtGJKonv7cYEvgYqswHzkx1k="},"lastRemoteEphemeralKey":"BcsU3zac525n7hEZnwCIZdecxxc++CM3HPX6BerVBVxz","previousCounter":0,"rootKey":"WaY0yvAp4hWRUrlCH2WAgsPgP4s/RacjNRPK4+Ynqnk="},"indexInfo":{"baseKey":"BSSdevsOUOsv5JswSYAWCsyPk+VVmOaMdGjEdvGI1L4S","baseKeyType":2,"closed":-1,"used":1673799090697,"created":1673798932910,"remoteIdentityKey":"BdoTG7nJRDwYTR/d1OMXXcHdpvUM7sFFCJDp7vBtmDtR"},"_chains":{"BT+OCGyfC3EciUI/6YAChEiKupWPXlZBjK/iqZI+emM6":{"chainKey":{"counter":7},"chainType":2,"messageKeys":{}},"BcsU3zac525n7hEZnwCIZdecxxc++CM3HPX6BerVBVxz":{"chainKey":{"counter":0,"key":"uTvj4lkqQo+gqxjlBf5Q1a1YjBWJNeSLVtMXxlCU/3k="},"chainType":2,"messageKeys":{}},"BYgReNxuxFlQuGHfL1ZZ4EZ3/PBoTNj4HxHPnDWsLRgK":{"chainKey":{"counter":0,"key":"mLxrL9Ya8CuoBBYoebWKKqaPMvjEWof0Qam/T+cWmdw="},"chainType":1,"messageKeys":{}}}}},"version":"v1"}