{"_sessions":{"BZRq1h8FHqZUThQe3EI1MFEo5+JjuGUw6hbPvoZ7GCFD":{"registrationId":46,"currentRatchet":{"ephemeralKeyPair":{"pubKey":"BflXYprE8N64cCWdrU/E6YT9Azduqllr0ODQ2yzbmIsl","privKey":"KOj0hXe4r8FqDRw1j1Yq88EdfyWW9TAnJmsv8D2nVXI="},"lastRemoteEphemeralKey":"BUELTgEtLiAUkWtIMsd8yqjQ4mklbsuMM0rOVn/r3Bxe","previousCounter":0,"rootKey":"H1hlEQ3tD2NgdUgyip2ymE2RlpJOvRgrbTkU6SAQaMg="},"indexInfo":{"baseKey":"BZRq1h8FHqZUThQe3EI1MFEo5+JjuGUw6hbPvoZ7GCFD","baseKeyType":1,"closed":-1,"used":1673798925634,"created":1673798925634,"remoteIdentityKey":"BUgCjF8aYFkQum2t2i7j0SuKX3RCjagr4p1uDhThOMJZ"},"_chains":{"BflXYprE8N64cCWdrU/E6YT9Azduqllr0ODQ2yzbmIsl":{"chainKey":{"counter":3,"key":"ydk9e812CwGdIJ77SOlHvJEpcfcwZsRey8vrlaQZSbY="},"chainType":1,"messageKeys":{}}},"pendingPreKey":{"signedKeyId":1,"baseKey":"BZRq1h8FHqZUThQe3EI1MFEo5+JjuGUw6hbPvoZ7GCFD","preKeyId":27}}},"version":"v1"}