{"_sessions":{"Bd+RInHwNe/V6NvkHzfW5gFA8rWl1HdTn2h0h4/FleMr":{"registrationId":490,"currentRatchet":{"ephemeralKeyPair":{"pubKey":"BXU6wKRgnscsQQmAoJ+L1YJG5ldoytI3AlmcZLWrRdIa","privKey":"6MxYszBgfQU+ck1wkG9Sb0tm+mF2ULiFCn7ljDfD50E="},"lastRemoteEphemeralKey":"BThZwe84SE30UIBJvnJ3aW9z3zp4x30nyZkIG8B1t+Bh","previousCounter":0,"rootKey":"gYvN4Gw/8xiWrGHp+DvERi9n6AIVYQx6xglvIYVhLsQ="},"indexInfo":{"baseKey":"Bd+RInHwNe/V6NvkHzfW5gFA8rWl1HdTn2h0h4/FleMr","baseKeyType":1,"closed":-1,"used":1673799087353,"created":1673799087353,"remoteIdentityKey":"BfsDJ2v6KA/czChqVxE0yvzZbcYyvNPCXZ5vlWiJZUgr"},"_chains":{"BXU6wKRgnscsQQmAoJ+L1YJG5ldoytI3AlmcZLWrRdIa":{"chainKey":{"counter":1,"key":"Pp4rwjC1zs7kCQGxGea6PuFK33WFjH+CIPPD9WpNGfo="},"chainType":1,"messageKeys":{}}},"pendingPreKey":{"signedKeyId":1,"baseKey":"Bd+RInHwNe/V6NvkHzfW5gFA8rWl1HdTn2h0h4/FleMr"}}},"version":"v1"}