{"_sessions":{"BTa4k7EF31ChAdxsi3RoeuB5krn1IXGQ3TS9w0Ajei88":{"registrationId":228,"currentRatchet":{"ephemeralKeyPair":{"pubKey":"BdfwqGtBO2sNrt/L+ZmPsyi80wbiu64lA3If5u9SldBR","privKey":"KI2HFJAAPAmMSz9SKRevxiMvHJwbCP3a2DMIZPqmUW8="},"lastRemoteEphemeralKey":"BQeOLxZWCgRz4l4BnMxQMkAgRCX+wdzHCIZTJ5A0GtYt","previousCounter":0,"rootKey":"kaCYYjRwbHZduqnV5KIsvebifuT+o1qh5zLBsKt2viM="},"indexInfo":{"baseKey":"BTa4k7EF31ChAdxsi3RoeuB5krn1IXGQ3TS9w0Ajei88","baseKeyType":1,"closed":1673798991613,"used":1673798925632,"created":1673798925632,"remoteIdentityKey":"BdDU51Qsl+afuQ6Pi8Ve23L25r2CqdfnQZequkhLFWNc"},"_chains":{"BdfwqGtBO2sNrt/L+ZmPsyi80wbiu64lA3If5u9SldBR":{"chainKey":{"counter":0,"key":"6ntarTnagjJILbssGovPbR0Gae5FVR/i5vVuc7LpIfI="},"chainType":1,"messageKeys":{}}},"pendingPreKey":{"signedKeyId":1,"baseKey":"BTa4k7EF31ChAdxsi3RoeuB5krn1IXGQ3TS9w0Ajei88","preKeyId":22}},"BRZoRPjo7pDLFpsL+DQ3gOo+N04xydYhFtp6bEfrmUV5":{"registrationId":228,"currentRatchet":{"ephemeralKeyPair":{"pubKey":"BQvH7vqXp0mE/5L9GFgETpPKnXr9Gv8Vu9geKk+aq1YM","privKey":"WPZu65rFTWpIEkohOS67vf2UInCAQ4+bGkgkgwMVoVQ="},"lastRemoteEphemeralKey":"BYwXM3bR6kTHM3CLiQRNYluEfqLpbZdxiWDFTHQktWMF","previousCounter":0,"rootKey":"Nr1GxdAgefsBjJ7AxW4Ws6gS0VudxfX/Ye9UhvJQk7M="},"indexInfo":{"baseKey":"BRZoRPjo7pDLFpsL+DQ3gOo+N04xydYhFtp6bEfrmUV5","baseKeyType":2,"closed":-1,"used":1673798991614,"created":1673798991614,"remoteIdentityKey":"BdDU51Qsl+afuQ6Pi8Ve23L25r2CqdfnQZequkhLFWNc"},"_chains":{"BYwXM3bR6kTHM3CLiQRNYluEfqLpbZdxiWDFTHQktWMF":{"chainKey":{"counter":4,"key":"r9u9AystxsyFWcpUQ7r3KEYnd/EgssPMr+o5spTunNk="},"chainType":2,"messageKeys":{}},"BQvH7vqXp0mE/5L9GFgETpPKnXr9Gv8Vu9geKk+aq1YM":{"chainKey":{"counter":0,"key":"GC/WLmntlkQr5Q+boGPXFtCpQGEnHS7FZG7N/zoN3lw="},"chainType":1,"messageKeys":{}}}}},"version":"v1"}