{"_sessions":{"BUoB0E8/R1YA28MwwFDkxwKNH8WPa0OSZc7BuzRfMzIE":{"registrationId":41,"currentRatchet":{"ephemeralKeyPair":{"pubKey":"BSubZTSlryeQ87+C0jNhX2zUbgGs/aXP/QZ2yB5h2ZIe","privKey":"4GBszTtQ3iYQDU1NYzRTtpJaJj/3yPyfwpcj+thJ8k4="},"lastRemoteEphemeralKey":"BZHZ0fyr41WIqnoPW6RmoV/Nw0QXLWzfuMJFRgWRlMVZ","previousCounter":0,"rootKey":"mQT7YjoTLR1UJSyhMjn6n2ZQ1kY8HPUDW/eMypnYigo="},"indexInfo":{"baseKey":"BUoB0E8/R1YA28MwwFDkxwKNH8WPa0OSZc7BuzRfMzIE","baseKeyType":2,"closed":-1,"used":1673798936131,"created":1673798936131,"remoteIdentityKey":"BSRykApFj6MCNa1sKwDT5no9TWp2blZtZMZvyXaIMG8t"},"_chains":{"BZHZ0fyr41WIqnoPW6RmoV/Nw0QXLWzfuMJFRgWRlMVZ":{"chainKey":{"counter":3,"key":"HcR6YF05a98JpHt6nVUTLfbXjAN40jksxaw7T8d3ho4="},"chainType":2,"messageKeys":{}},"BSubZTSlryeQ87+C0jNhX2zUbgGs/aXP/QZ2yB5h2ZIe":{"chainKey":{"counter":1,"key":"4FF5p1Rl3dAu8+zEPm6nGBFAvPWbN/wesH08bcBafzg="},"chainType":1,"messageKeys":{}}}}},"version":"v1"}