{"_sessions":{"BfX1bmeblFy87AdDQcvyiVKBkmXfOGHluiA2EUu/fW0f":{"registrationId":240681435,"currentRatchet":{"ephemeralKeyPair":{"pubKey":"BcXsSxOk+vBl2FxKvnm/GlSSGMKSZJ4aaLyRRkFGdQlm","privKey":"SCJTbWZr/6iIKH8Jmx33dmoavrWikj1n0Gr3KvqZ+Vk="},"lastRemoteEphemeralKey":"BQ+lemfXxo7hagfFb8VIjMrlkp371CdpNikWwDit/XId","previousCounter":0,"rootKey":"7g45lfO12zjJryGNrKz7Iw6+g1GCOePYqHyUR4P6a8Q="},"indexInfo":{"baseKey":"BfX1bmeblFy87AdDQcvyiVKBkmXfOGHluiA2EUu/fW0f","baseKeyType":2,"closed":-1,"used":1673799077090,"created":1673798920016,"remoteIdentityKey":"BdWJKcHuOmYb0RN7aujK4BaW7LP4ifRicPIgeghLjU9b"},"_chains":{"BbtWWxEjAQzEOjnAnNZjSVu4UJTIcXsuAmQwpemnLoQS":{"chainKey":{"counter":0},"chainType":2,"messageKeys":{}},"BQ+lemfXxo7hagfFb8VIjMrlkp371CdpNikWwDit/XId":{"chainKey":{"counter":5,"key":"N+68jyEX152hFFLFPlJbUBDN+xG51vC3uoAFWjvHWv0="},"chainType":2,"messageKeys":{}},"BcXsSxOk+vBl2FxKvnm/GlSSGMKSZJ4aaLyRRkFGdQlm":{"chainKey":{"counter":0,"key":"GaM/bZenerwh3pFB2fSYA77eiJ2jyiXAw1oA8U641yE="},"chainType":1,"messageKeys":{}}}}},"version":"v1"}